<rdf:RDF
   xmlns:rdf="http://www.w3.org/1999/02/22-rdf-syntax-ns#"
   xmlns:rdfs="http://www.w3.org/2000/01/rdf-schema#"
   xmlns:owl="http://www.w3.org/2002/07/owl#" 
   xmlns:dc="http://purl.org/dc/elements/1.1/">

 <owl:Ontology 
     rdf:about="http://www.w3.org/2000/01/rdf-schema#"
     dc:title="The RDF Schema vocabulary (RDFS)"/>

<rdfs:Class rdf:about="http://www.w3.org/2000/01/rdf-schema#Resource">
  <rdfs:isDefinedBy rdf:resource="http://www.w3.org/2000/01/rdf-schema#"/>
  <rdfs:label>Resource</rdfs:label>
  <rdfs:comment>The class resource, everything.</rdfs:comment>
</rdfs:Class>

<rdfs:Class rdf:about="http://www.w3.org/2000/01/rdf-schema#Class">
  <rdfs:isDefinedBy rdf:resource="http://www.w3.org/2000/01/rdf-schema#"/>
  <rdfs:label>Class</rdfs:label>
  <rdfs:comment>The class of classes.</rdfs:comment>
  <rdfs:subClassOf rdf:resource="http://www.w3.org/2000/01/rdf-schema#Resource"/>
</rdfs:Class>

<rdf:Property rdf:about="http://www.w3.org/2000/01/rdf-schema#subClassOf">
  <rdfs:isDefinedBy rdf:resource="http://www.w3.org/2000/01/rdf-schema#"/>
  <rdfs:label>subClassOf</rdfs:label>
  <rdfs:comment>The subject is a subclass of a class.</rdfs:comment>
  <rdfs:range rdf:resource="http://www.w3.org/2000/01/rdf-schema#Class"/>
  <rdfs:domain rdf:resource="http://www.w3.org/2000/01/rdf-schema#Class"/>
</rdf:Property>

<rdf:Property rdf:about="http://www.w3.org/2000/01/rdf-schema#subPropertyOf">
  <rdfs:isDefinedBy rdf:resource="http://www.w3.org/2000/01/rdf-schema#"/>
  <rdfs:label>subPropertyOf</rdfs:label>
  <rdfs:comment>The subject is a subproperty of a property.</rdfs:comment>
  <rdfs:range rdf:resource="http://www.w3.org/1999/02/22-rdf-syntax-ns#Property"/>
  <rdfs:domain rdf:resource="http://www.w3.org/1999/02/22-rdf-syntax-ns#Property"/>
</rdf:Property>

<rdf:Property rdf:about="http://www.w3.org/2000/01/rdf-schema#comment">
  <rdfs:isDefinedBy rdf:resource="http://www.w3.org/2000/01/rdf-schema#"/>
  <rdfs:label>comment</rdfs:label>
  <rdfs:comment>A description of the subject resource.</rdfs:comment>
  <rdfs:domain rdf:resource="http://www.w3.org/2000/01/rdf-schema#Resource"/>
  <rdfs:range rdf:resource="http://www.w3.org/2000/01/rdf-schema#Literal"/>
</rdf:Property>

<rdf:Property rdf:about="http://www.w3.org/2000/01/rdf-schema#label">
  <rdfs:isDefinedBy rdf:resource="http://www.w3.org/2000/01/rdf-schema#"/>
  <rdfs:label>label</rdfs:label>
  <rdfs:comment>A human-readable name for the subject.</rdfs:comment>
  <rdfs:domain rdf:resource="http://www.w3.org/2000/01/rdf-schema#Resource"/>
  <rdfs:range rdf:resource="http://www.w3.org/2000/01/rdf-schema#Literal"/>
</rdf:Property>

<rdf:Property rdf:about="http://www.w3.org/2000/01/rdf-schema#domain">
  <rdfs:isDefinedBy rdf:resource="http://www.w3.org/2000/01/rdf-schema#"/>
  <rdfs:label>domain</rdfs:label>
  <rdfs:comment>A domain of the subject property.</rdfs:comment>
 <rdfs:range rdf:resource="http://www.w3.org/2000/01/rdf-schema#Class"/>
  <rdfs:domain rdf:resource="http://www.w3.org/1999/02/22-rdf-syntax-ns#Property"/>
</rdf:Property>

<rdf:Property rdf:about="http://www.w3.org/2000/01/rdf-schema#range">
  <rdfs:isDefinedBy rdf:resource="http://www.w3.org/2000/01/rdf-schema#"/>
  <rdfs:label>range</rdfs:label>
  <rdfs:comment>A range of the subject property.</rdfs:comment>
  <rdfs:range rdf:resource="http://www.w3.org/2000/01/rdf-schema#Class"/>
  <rdfs:domain rdf:resource="http://www.w3.org/1999/02/22-rdf-syntax-ns#Property"/>
</rdf:Property>

<rdf:Property rdf:about="http://www.w3.org/2000/01/rdf-schema#seeAlso">
  <rdfs:isDefinedBy rdf:resource="http://www.w3.org/2000/01/rdf-schema#"/>
  <rdfs:label>seeAlso</rdfs:label>
  <rdfs:comment>Further information about the subject resource.</rdfs:comment>
  <rdfs:range rdf:resource="http://www.w3.org/2000/01/rdf-schema#Resource"/>
  <rdfs:domain   rdf:resource="http://www.w3.org/2000/01/rdf-schema#Resource"/>
</rdf:Property>

<rdf:Property rdf:about="http://www.w3.org/2000/01/rdf-schema#isDefinedBy">
  <rdfs:isDefinedBy rdf:resource="http://www.w3.org/2000/01/rdf-schema#"/>
  <rdfs:subPropertyOf rdf:resource="http://www.w3.org/2000/01/rdf-schema#seeAlso"/>
  <rdfs:label>isDefinedBy</rdfs:label>
  <rdfs:comment>The defininition of the subject resource.</rdfs:comment>
  <rdfs:range rdf:resource="http://www.w3.org/2000/01/rdf-schema#Resource"/>
  <rdfs:domain rdf:resource="http://www.w3.org/2000/01/rdf-schema#Resource"/>
</rdf:Property>

<rdfs:Class rdf:about="http://www.w3.org/2000/01/rdf-schema#Literal">
  <rdfs:isDefinedBy rdf:resource="http://www.w3.org/2000/01/rdf-schema#"/>
  <rdfs:label>Literal</rdfs:label>
  <rdfs:comment>The class of literal values, eg. textual strings and integers.</rdfs:comment>
  <rdfs:subClassOf rdf:resource="http://www.w3.org/2000/01/rdf-schema#Resource"/>
</rdfs:Class>

<rdfs:Class rdf:about="http://www.w3.org/2000/01/rdf-schema#Container">
  <rdfs:isDefinedBy rdf:resource="http://www.w3.org/2000/01/rdf-schema#"/>
  <rdfs:label>Container</rdfs:label>
  <rdfs:subClassOf rdf:resource="http://www.w3.org/2000/01/rdf-schema#Resource"/>
  <rdfs:comment>The class of RDF containers.</rdfs:comment>
</rdfs:Class>

<rdfs:Class rdf:about="http://www.w3.org/2000/01/rdf-schema#ContainerMembershipProperty">
  <rdfs:isDefinedBy rdf:resource="http://www.w3.org/2000/01/rdf-schema#"/>
  <rdfs:label>ContainerMembershipProperty</rdfs:label>
  <rdfs:comment>The class of container membership properties, rdf:_1, rdf:_2, ...,
                    all of which are sub-properties of 'member'.</rdfs:comment>
  <rdfs:subClassOf rdf:resource="http://www.w3.org/1999/02/22-rdf-syntax-ns#Property"/>
</rdfs:Class>

<rdf:Property rdf:about="http://www.w3.org/2000/01/rdf-schema#member">
  <rdfs:isDefinedBy rdf:resource="http://www.w3.org/2000/01/rdf-schema#"/>
  <rdfs:label>member</rdfs:label>
  <rdfs:comment>A member of the subject resource.</rdfs:comment>
  <rdfs:domain rdf:resource="http://www.w3.org/2000/01/rdf-schema#Resource"/>
  <rdfs:range rdf:resource="http://www.w3.org/2000/01/rdf-schema#Resource"/>
</rdf:Property>

<rdfs:Class rdf:about="http://www.w3.org/2000/01/rdf-schema#Datatype">
  <rdfs:isDefinedBy rdf:resource="http://www.w3.org/2000/01/rdf-schema#"/>
  <rdfs:label>Datatype</rdfs:label>
  <rdfs:comment>The class of RDF datatypes.</rdfs:comment>
  <rdfs:subClassOf rdf:resource="http://www.w3.org/2000/01/rdf-schema#Class"/>
</rdfs:Class>
    
<rdf:Description rdf:about="http://www.w3.org/2000/01/rdf-schema#">
  <rdfs:seeAlso rdf:resource="http://www.w3.org/2000/01/rdf-schema-more"/>
</rdf:Description>

</rdf:RDF>
