<?xml version="1.0" encoding="UTF-8"?>
<mappings>
	<mapping key="advancedFormats" ordered="true">
		<pair key="image">Image</pair>
		<pair key="image/tif"> -- tif</pair>
		<pair key="image/jpg"> -- jpg</pair>
		<pair key="image/gif"> -- gif</pair>
		<pair key="dataset">Dataset</pair>
		<pair key="dataset/xls"> -- xls</pair>
		<pair key="dataset/xlsx"> -- xlsx</pair>
		<pair key="video">Video</pair>
		<pair key="software">Software</pair>
		<pair key="audio">Audio</pair>
		<pair key="archive">Archive File</pair>
		<pair key="text">Text</pair>
		<pair key="text/doc"> -- doc</pair>
		<pair key="text/doc"> -- docx</pair>
		<pair key="text/pdf"> -- pdf</pair>
		<pair key="text/txt"> -- txt</pair>
		<pair key="unknown">Unknown</pair>
	</mapping>
</mappings>