<?xml version="1.0" encoding="UTF-8"?>
<option-set label="ISO 639-2 Languages" authority-term="iso639-2b" type="code" url="http://www.loc.gov/standards/iso639-2/" contextElement="languageTerm" contextNamespace="http://www.loc.gov/mods/v3" date="1/13/09">
  <option>
    <value>﻿aar</value>
    <label>Afar</label>
  </option>
  <option>
    <value>abk</value>
    <label>Abkhazian</label>
  </option>
  <option>
    <value>ace</value>
    <label>Achinese</label>
  </option>
  <option>
    <value>ach</value>
    <label>Acoli</label>
  </option>
  <option>
    <value>ada</value>
    <label>Adangme</label>
  </option>
  <option>
    <value>ady</value>
    <label>Adyghe</label>
  </option>
  <option>
    <value>afa</value>
    <label>Afro-Asiatic (Other)</label>
  </option>
  <option>
    <value>afh</value>
    <label>Afrihili</label>
  </option>
  <option>
    <value>afr</value>
    <label>Afrikaans</label>
  </option>
  <option>
    <value>ain</value>
    <label>Ainu</label>
  </option>
  <option>
    <value>aka</value>
    <label>Akan</label>
  </option>
  <option>
    <value>akk</value>
    <label>Akkadian</label>
  </option>
  <option>
    <value>alb</value>
    <label>Albanian</label>
  </option>
  <option>
    <value>ale</value>
    <label>Aleut</label>
  </option>
  <option>
    <value>alg</value>
    <label>Algonquian languages</label>
  </option>
  <option>
    <value>alt</value>
    <label>Southern Altai</label>
  </option>
  <option>
    <value>amh</value>
    <label>Amharic</label>
  </option>
  <option>
    <value>ang</value>
    <label>English, Old (ca.450-1100)</label>
  </option>
  <option>
    <value>anp</value>
    <label>Angika</label>
  </option>
  <option>
    <value>apa</value>
    <label>Apache languages</label>
  </option>
  <option>
    <value>ara</value>
    <label>Arabic</label>
  </option>
  <option>
    <value>arc</value>
    <label>Official Aramaic (700-300 BCE)</label>
  </option>
  <option>
    <value>arg</value>
    <label>Aragonese</label>
  </option>
  <option>
    <value>arm</value>
    <label>Armenian</label>
  </option>
  <option>
    <value>arn</value>
    <label>Mapudungun</label>
  </option>
  <option>
    <value>arp</value>
    <label>Arapaho</label>
  </option>
  <option>
    <value>art</value>
    <label>Artificial (Other)</label>
  </option>
  <option>
    <value>arw</value>
    <label>Arawak</label>
  </option>
  <option>
    <value>asm</value>
    <label>Assamese</label>
  </option>
  <option>
    <value>ast</value>
    <label>Asturian</label>
  </option>
  <option>
    <value>ath</value>
    <label>Athapascan languages</label>
  </option>
  <option>
    <value>aus</value>
    <label>Australian languages</label>
  </option>
  <option>
    <value>ava</value>
    <label>Avaric</label>
  </option>
  <option>
    <value>ave</value>
    <label>Avestan</label>
  </option>
  <option>
    <value>awa</value>
    <label>Awadhi</label>
  </option>
  <option>
    <value>aym</value>
    <label>Aymara</label>
  </option>
  <option>
    <value>aze</value>
    <label>Azerbaijani</label>
  </option>
  <option>
    <value>bad</value>
    <label>Banda languages</label>
  </option>
  <option>
    <value>bai</value>
    <label>Bamileke languages</label>
  </option>
  <option>
    <value>bak</value>
    <label>Bashkir</label>
  </option>
  <option>
    <value>bal</value>
    <label>Baluchi</label>
  </option>
  <option>
    <value>bam</value>
    <label>Bambara</label>
  </option>
  <option>
    <value>ban</value>
    <label>Balinese</label>
  </option>
  <option>
    <value>baq</value>
    <label>Basque</label>
  </option>
  <option>
    <value>bas</value>
    <label>Basa</label>
  </option>
  <option>
    <value>bat</value>
    <label>Baltic (Other)</label>
  </option>
  <option>
    <value>bej</value>
    <label>Beja</label>
  </option>
  <option>
    <value>bel</value>
    <label>Belarusian</label>
  </option>
  <option>
    <value>bem</value>
    <label>Bemba</label>
  </option>
  <option>
    <value>ben</value>
    <label>Bengali</label>
  </option>
  <option>
    <value>ber</value>
    <label>Berber (Other)</label>
  </option>
  <option>
    <value>bho</value>
    <label>Bhojpuri</label>
  </option>
  <option>
    <value>bih</value>
    <label>Bihari</label>
  </option>
  <option>
    <value>bik</value>
    <label>Bikol</label>
  </option>
  <option>
    <value>bin</value>
    <label>Bini</label>
  </option>
  <option>
    <value>bis</value>
    <label>Bislama</label>
  </option>
  <option>
    <value>bla</value>
    <label>Siksika</label>
  </option>
  <option>
    <value>bnt</value>
    <label>Bantu (Other)</label>
  </option>
  <option>
    <value>bos</value>
    <label>Bosnian</label>
  </option>
  <option>
    <value>bra</value>
    <label>Braj</label>
  </option>
  <option>
    <value>bre</value>
    <label>Breton</label>
  </option>
  <option>
    <value>btk</value>
    <label>Batak languages</label>
  </option>
  <option>
    <value>bua</value>
    <label>Buriat</label>
  </option>
  <option>
    <value>bug</value>
    <label>Buginese</label>
  </option>
  <option>
    <value>bul</value>
    <label>Bulgarian</label>
  </option>
  <option>
    <value>bur</value>
    <label>Burmese</label>
  </option>
  <option>
    <value>byn</value>
    <label>Blin</label>
  </option>
  <option>
    <value>cad</value>
    <label>Caddo</label>
  </option>
  <option>
    <value>cai</value>
    <label>Central American Indian (Other)</label>
  </option>
  <option>
    <value>car</value>
    <label>Galibi Carib</label>
  </option>
  <option>
    <value>cat</value>
    <label>Catalan</label>
  </option>
  <option>
    <value>cau</value>
    <label>Caucasian (Other)</label>
  </option>
  <option>
    <value>ceb</value>
    <label>Cebuano</label>
  </option>
  <option>
    <value>cel</value>
    <label>Celtic (Other)</label>
  </option>
  <option>
    <value>cha</value>
    <label>Chamorro</label>
  </option>
  <option>
    <value>chb</value>
    <label>Chibcha</label>
  </option>
  <option>
    <value>che</value>
    <label>Chechen</label>
  </option>
  <option>
    <value>chg</value>
    <label>Chagatai</label>
  </option>
  <option>
    <value>chi</value>
    <label>Chinese</label>
  </option>
  <option>
    <value>chk</value>
    <label>Chuukese</label>
  </option>
  <option>
    <value>chm</value>
    <label>Mari</label>
  </option>
  <option>
    <value>chn</value>
    <label>Chinook jargon</label>
  </option>
  <option>
    <value>cho</value>
    <label>Choctaw</label>
  </option>
  <option>
    <value>chp</value>
    <label>Chipewyan</label>
  </option>
  <option>
    <value>chr</value>
    <label>Cherokee</label>
  </option>
  <option>
    <value>chu</value>
    <label>Church Slavic</label>
  </option>
  <option>
    <value>chv</value>
    <label>Chuvash</label>
  </option>
  <option>
    <value>chy</value>
    <label>Cheyenne</label>
  </option>
  <option>
    <value>cmc</value>
    <label>Chamic languages</label>
  </option>
  <option>
    <value>cop</value>
    <label>Coptic</label>
  </option>
  <option>
    <value>cor</value>
    <label>Cornish</label>
  </option>
  <option>
    <value>cos</value>
    <label>Corsican</label>
  </option>
  <option>
    <value>cpe</value>
    <label>Creoles and pidgins, English based (Other)</label>
  </option>
  <option>
    <value>cpf</value>
    <label>Creoles and pidgins, French-based (Other)</label>
  </option>
  <option>
    <value>cpp</value>
    <label>Creoles and pidgins, Portuguese-based (Other)</label>
  </option>
  <option>
    <value>cre</value>
    <label>Cree</label>
  </option>
  <option>
    <value>crh</value>
    <label>Crimean Tatar</label>
  </option>
  <option>
    <value>crp</value>
    <label>Creoles and pidgins (Other)</label>
  </option>
  <option>
    <value>csb</value>
    <label>Kashubian</label>
  </option>
  <option>
    <value>cus</value>
    <label>Cushitic (Other)</label>
  </option>
  <option>
    <value>cze</value>
    <label>Czech</label>
  </option>
  <option>
    <value>dak</value>
    <label>Dakota</label>
  </option>
  <option>
    <value>dan</value>
    <label>Danish</label>
  </option>
  <option>
    <value>dar</value>
    <label>Dargwa</label>
  </option>
  <option>
    <value>day</value>
    <label>Land Dayak languages</label>
  </option>
  <option>
    <value>del</value>
    <label>Delaware</label>
  </option>
  <option>
    <value>den</value>
    <label>Slave (Athapascan)</label>
  </option>
  <option>
    <value>dgr</value>
    <label>Dogrib</label>
  </option>
  <option>
    <value>din</value>
    <label>Dinka</label>
  </option>
  <option>
    <value>div</value>
    <label>Divehi</label>
  </option>
  <option>
    <value>doi</value>
    <label>Dogri</label>
  </option>
  <option>
    <value>dra</value>
    <label>Dravidian (Other)</label>
  </option>
  <option>
    <value>dsb</value>
    <label>Lower Sorbian</label>
  </option>
  <option>
    <value>dua</value>
    <label>Duala</label>
  </option>
  <option>
    <value>dum</value>
    <label>Dutch, Middle (ca.1050-1350)</label>
  </option>
  <option>
    <value>dut</value>
    <label>Dutch</label>
  </option>
  <option>
    <value>dyu</value>
    <label>Dyula</label>
  </option>
  <option>
    <value>dzo</value>
    <label>Dzongkha</label>
  </option>
  <option>
    <value>efi</value>
    <label>Efik</label>
  </option>
  <option>
    <value>egy</value>
    <label>Egyptian (Ancient)</label>
  </option>
  <option>
    <value>eka</value>
    <label>Ekajuk</label>
  </option>
  <option>
    <value>elx</value>
    <label>Elamite</label>
  </option>
  <option>
    <value>eng</value>
    <label>English</label>
  </option>
  <option>
    <value>enm</value>
    <label>English, Middle (1100-1500)</label>
  </option>
  <option>
    <value>epo</value>
    <label>Esperanto</label>
  </option>
  <option>
    <value>est</value>
    <label>Estonian</label>
  </option>
  <option>
    <value>ewe</value>
    <label>Ewe</label>
  </option>
  <option>
    <value>ewo</value>
    <label>Ewondo</label>
  </option>
  <option>
    <value>fan</value>
    <label>Fang</label>
  </option>
  <option>
    <value>fao</value>
    <label>Faroese</label>
  </option>
  <option>
    <value>fat</value>
    <label>Fanti</label>
  </option>
  <option>
    <value>fij</value>
    <label>Fijian</label>
  </option>
  <option>
    <value>fil</value>
    <label>Filipino</label>
  </option>
  <option>
    <value>fin</value>
    <label>Finnish</label>
  </option>
  <option>
    <value>fiu</value>
    <label>Finno-Ugrian (Other)</label>
  </option>
  <option>
    <value>fon</value>
    <label>Fon</label>
  </option>
  <option>
    <value>fre</value>
    <label>French</label>
  </option>
  <option>
    <value>frm</value>
    <label>French, Middle (ca.1400-1600)</label>
  </option>
  <option>
    <value>fro</value>
    <label>French, Old (842-ca.1400)</label>
  </option>
  <option>
    <value>frr</value>
    <label>Northern Frisian</label>
  </option>
  <option>
    <value>frs</value>
    <label>Eastern Frisian</label>
  </option>
  <option>
    <value>fry</value>
    <label>Western Frisian</label>
  </option>
  <option>
    <value>ful</value>
    <label>Fulah</label>
  </option>
  <option>
    <value>fur</value>
    <label>Friulian</label>
  </option>
  <option>
    <value>gaa</value>
    <label>Ga</label>
  </option>
  <option>
    <value>gay</value>
    <label>Gayo</label>
  </option>
  <option>
    <value>gba</value>
    <label>Gbaya</label>
  </option>
  <option>
    <value>gem</value>
    <label>Germanic (Other)</label>
  </option>
  <option>
    <value>geo</value>
    <label>Georgian</label>
  </option>
  <option>
    <value>ger</value>
    <label>German</label>
  </option>
  <option>
    <value>gez</value>
    <label>Geez</label>
  </option>
  <option>
    <value>gil</value>
    <label>Gilbertese</label>
  </option>
  <option>
    <value>gla</value>
    <label>Gaelic</label>
  </option>
  <option>
    <value>gle</value>
    <label>Irish</label>
  </option>
  <option>
    <value>glg</value>
    <label>Galician</label>
  </option>
  <option>
    <value>glv</value>
    <label>Manx</label>
  </option>
  <option>
    <value>gmh</value>
    <label>German, Middle High (ca.1050-1500)</label>
  </option>
  <option>
    <value>goh</value>
    <label>German, Old High (ca.750-1050)</label>
  </option>
  <option>
    <value>gon</value>
    <label>Gondi</label>
  </option>
  <option>
    <value>gor</value>
    <label>Gorontalo</label>
  </option>
  <option>
    <value>got</value>
    <label>Gothic</label>
  </option>
  <option>
    <value>grb</value>
    <label>Grebo</label>
  </option>
  <option>
    <value>grc</value>
    <label>Greek, Ancient (to 1453)</label>
  </option>
  <option>
    <value>gre</value>
    <label>Greek, Modern (1453-)</label>
  </option>
  <option>
    <value>grn</value>
    <label>Guarani</label>
  </option>
  <option>
    <value>gsw</value>
    <label>Swiss German</label>
  </option>
  <option>
    <value>guj</value>
    <label>Gujarati</label>
  </option>
  <option>
    <value>gwi</value>
    <label>Gwich'in</label>
  </option>
  <option>
    <value>hai</value>
    <label>Haida</label>
  </option>
  <option>
    <value>hat</value>
    <label>Haitian</label>
  </option>
  <option>
    <value>hau</value>
    <label>Hausa</label>
  </option>
  <option>
    <value>haw</value>
    <label>Hawaiian</label>
  </option>
  <option>
    <value>heb</value>
    <label>Hebrew</label>
  </option>
  <option>
    <value>her</value>
    <label>Herero</label>
  </option>
  <option>
    <value>hil</value>
    <label>Hiligaynon</label>
  </option>
  <option>
    <value>him</value>
    <label>Himachali</label>
  </option>
  <option>
    <value>hin</value>
    <label>Hindi</label>
  </option>
  <option>
    <value>hit</value>
    <label>Hittite</label>
  </option>
  <option>
    <value>hmn</value>
    <label>Hmong</label>
  </option>
  <option>
    <value>hmo</value>
    <label>Hiri Motu</label>
  </option>
  <option>
    <value>hrv</value>
    <label>Croatian</label>
  </option>
  <option>
    <value>hsb</value>
    <label>Upper Sorbian</label>
  </option>
  <option>
    <value>hun</value>
    <label>Hungarian</label>
  </option>
  <option>
    <value>hup</value>
    <label>Hupa</label>
  </option>
  <option>
    <value>iba</value>
    <label>Iban</label>
  </option>
  <option>
    <value>ibo</value>
    <label>Igbo</label>
  </option>
  <option>
    <value>ice</value>
    <label>Icelandic</label>
  </option>
  <option>
    <value>ido</value>
    <label>Ido</label>
  </option>
  <option>
    <value>iii</value>
    <label>Sichuan Yi</label>
  </option>
  <option>
    <value>ijo</value>
    <label>Ijo languages</label>
  </option>
  <option>
    <value>iku</value>
    <label>Inuktitut</label>
  </option>
  <option>
    <value>ile</value>
    <label>Interlingue</label>
  </option>
  <option>
    <value>ilo</value>
    <label>Iloko</label>
  </option>
  <option>
    <value>ina</value>
    <label>Interlingua (International Auxiliary Language Association)</label>
  </option>
  <option>
    <value>inc</value>
    <label>Indic (Other)</label>
  </option>
  <option>
    <value>ind</value>
    <label>Indonesian</label>
  </option>
  <option>
    <value>ine</value>
    <label>Indo-European (Other)</label>
  </option>
  <option>
    <value>inh</value>
    <label>Ingush</label>
  </option>
  <option>
    <value>ipk</value>
    <label>Inupiaq</label>
  </option>
  <option>
    <value>ira</value>
    <label>Iranian (Other)</label>
  </option>
  <option>
    <value>iro</value>
    <label>Iroquoian languages</label>
  </option>
  <option>
    <value>ita</value>
    <label>Italian</label>
  </option>
  <option>
    <value>jav</value>
    <label>Javanese</label>
  </option>
  <option>
    <value>jbo</value>
    <label>Lojban</label>
  </option>
  <option>
    <value>jpn</value>
    <label>Japanese</label>
  </option>
  <option>
    <value>jpr</value>
    <label>Judeo-Persian</label>
  </option>
  <option>
    <value>jrb</value>
    <label>Judeo-Arabic</label>
  </option>
  <option>
    <value>kaa</value>
    <label>Kara-Kalpak</label>
  </option>
  <option>
    <value>kab</value>
    <label>Kabyle</label>
  </option>
  <option>
    <value>kac</value>
    <label>Kachin</label>
  </option>
  <option>
    <value>kal</value>
    <label>Kalaallisut</label>
  </option>
  <option>
    <value>kam</value>
    <label>Kamba</label>
  </option>
  <option>
    <value>kan</value>
    <label>Kannada</label>
  </option>
  <option>
    <value>kar</value>
    <label>Karen languages</label>
  </option>
  <option>
    <value>kas</value>
    <label>Kashmiri</label>
  </option>
  <option>
    <value>kau</value>
    <label>Kanuri</label>
  </option>
  <option>
    <value>kaw</value>
    <label>Kawi</label>
  </option>
  <option>
    <value>kaz</value>
    <label>Kazakh</label>
  </option>
  <option>
    <value>kbd</value>
    <label>Kabardian</label>
  </option>
  <option>
    <value>kha</value>
    <label>Khasi</label>
  </option>
  <option>
    <value>khi</value>
    <label>Khoisan (Other)</label>
  </option>
  <option>
    <value>khm</value>
    <label>Central Khmer</label>
  </option>
  <option>
    <value>kho</value>
    <label>Khotanese</label>
  </option>
  <option>
    <value>kik</value>
    <label>Kikuyu</label>
  </option>
  <option>
    <value>kin</value>
    <label>Kinyarwanda</label>
  </option>
  <option>
    <value>kir</value>
    <label>Kirghiz</label>
  </option>
  <option>
    <value>kmb</value>
    <label>Kimbundu</label>
  </option>
  <option>
    <value>kok</value>
    <label>Konkani</label>
  </option>
  <option>
    <value>kom</value>
    <label>Komi</label>
  </option>
  <option>
    <value>kon</value>
    <label>Kongo</label>
  </option>
  <option>
    <value>kor</value>
    <label>Korean</label>
  </option>
  <option>
    <value>kos</value>
    <label>Kosraean</label>
  </option>
  <option>
    <value>kpe</value>
    <label>Kpelle</label>
  </option>
  <option>
    <value>krc</value>
    <label>Karachay-Balkar</label>
  </option>
  <option>
    <value>krl</value>
    <label>Karelian</label>
  </option>
  <option>
    <value>kro</value>
    <label>Kru languages</label>
  </option>
  <option>
    <value>kru</value>
    <label>Kurukh</label>
  </option>
  <option>
    <value>kua</value>
    <label>Kuanyama</label>
  </option>
  <option>
    <value>kum</value>
    <label>Kumyk</label>
  </option>
  <option>
    <value>kur</value>
    <label>Kurdish</label>
  </option>
  <option>
    <value>kut</value>
    <label>Kutenai</label>
  </option>
  <option>
    <value>lad</value>
    <label>Ladino</label>
  </option>
  <option>
    <value>lah</value>
    <label>Lahnda</label>
  </option>
  <option>
    <value>lam</value>
    <label>Lamba</label>
  </option>
  <option>
    <value>lao</value>
    <label>Lao</label>
  </option>
  <option>
    <value>lat</value>
    <label>Latin</label>
  </option>
  <option>
    <value>lav</value>
    <label>Latvian</label>
  </option>
  <option>
    <value>lez</value>
    <label>Lezghian</label>
  </option>
  <option>
    <value>lim</value>
    <label>Limburgan</label>
  </option>
  <option>
    <value>lin</value>
    <label>Lingala</label>
  </option>
  <option>
    <value>lit</value>
    <label>Lithuanian</label>
  </option>
  <option>
    <value>lol</value>
    <label>Mongo</label>
  </option>
  <option>
    <value>loz</value>
    <label>Lozi</label>
  </option>
  <option>
    <value>ltz</value>
    <label>Luxembourgish</label>
  </option>
  <option>
    <value>lua</value>
    <label>Luba-Lulua</label>
  </option>
  <option>
    <value>lub</value>
    <label>Luba-Katanga</label>
  </option>
  <option>
    <value>lug</value>
    <label>Ganda</label>
  </option>
  <option>
    <value>lui</value>
    <label>Luiseno</label>
  </option>
  <option>
    <value>lun</value>
    <label>Lunda</label>
  </option>
  <option>
    <value>luo</value>
    <label>Luo (Kenya and Tanzania)</label>
  </option>
  <option>
    <value>lus</value>
    <label>Lushai</label>
  </option>
  <option>
    <value>mac</value>
    <label>Macedonian</label>
  </option>
  <option>
    <value>mad</value>
    <label>Madurese</label>
  </option>
  <option>
    <value>mag</value>
    <label>Magahi</label>
  </option>
  <option>
    <value>mah</value>
    <label>Marshallese</label>
  </option>
  <option>
    <value>mai</value>
    <label>Maithili</label>
  </option>
  <option>
    <value>mak</value>
    <label>Makasar</label>
  </option>
  <option>
    <value>mal</value>
    <label>Malayalam</label>
  </option>
  <option>
    <value>man</value>
    <label>Mandingo</label>
  </option>
  <option>
    <value>mao</value>
    <label>Maori</label>
  </option>
  <option>
    <value>map</value>
    <label>Austronesian (Other)</label>
  </option>
  <option>
    <value>mar</value>
    <label>Marathi</label>
  </option>
  <option>
    <value>mas</value>
    <label>Masai</label>
  </option>
  <option>
    <value>may</value>
    <label>Malay</label>
  </option>
  <option>
    <value>mdf</value>
    <label>Moksha</label>
  </option>
  <option>
    <value>mdr</value>
    <label>Mandar</label>
  </option>
  <option>
    <value>men</value>
    <label>Mende</label>
  </option>
  <option>
    <value>mga</value>
    <label>Irish, Middle (900-1200)</label>
  </option>
  <option>
    <value>mic</value>
    <label>Mi'kmaq</label>
  </option>
  <option>
    <value>min</value>
    <label>Minangkabau</label>
  </option>
  <option>
    <value>mis</value>
    <label>Uncoded languages</label>
  </option>
  <option>
    <value>mkh</value>
    <label>Mon-Khmer (Other)</label>
  </option>
  <option>
    <value>mlg</value>
    <label>Malagasy</label>
  </option>
  <option>
    <value>mlt</value>
    <label>Maltese</label>
  </option>
  <option>
    <value>mnc</value>
    <label>Manchu</label>
  </option>
  <option>
    <value>mni</value>
    <label>Manipuri</label>
  </option>
  <option>
    <value>mno</value>
    <label>Manobo languages</label>
  </option>
  <option>
    <value>moh</value>
    <label>Mohawk</label>
  </option>
  <option>
    <value>mon</value>
    <label>Mongolian</label>
  </option>
  <option>
    <value>mos</value>
    <label>Mossi</label>
  </option>
  <option>
    <value>mul</value>
    <label>Multiple languages</label>
  </option>
  <option>
    <value>mun</value>
    <label>Munda languages</label>
  </option>
  <option>
    <value>mus</value>
    <label>Creek</label>
  </option>
  <option>
    <value>mwl</value>
    <label>Mirandese</label>
  </option>
  <option>
    <value>mwr</value>
    <label>Marwari</label>
  </option>
  <option>
    <value>myn</value>
    <label>Mayan languages</label>
  </option>
  <option>
    <value>myv</value>
    <label>Erzya</label>
  </option>
  <option>
    <value>nah</value>
    <label>Nahuatl languages</label>
  </option>
  <option>
    <value>nai</value>
    <label>North American Indian</label>
  </option>
  <option>
    <value>nap</value>
    <label>Neapolitan</label>
  </option>
  <option>
    <value>nau</value>
    <label>Nauru</label>
  </option>
  <option>
    <value>nav</value>
    <label>Navajo</label>
  </option>
  <option>
    <value>nbl</value>
    <label>Ndebele, South</label>
  </option>
  <option>
    <value>nde</value>
    <label>Ndebele, North</label>
  </option>
  <option>
    <value>ndo</value>
    <label>Ndonga</label>
  </option>
  <option>
    <value>nds</value>
    <label>Low German</label>
  </option>
  <option>
    <value>nep</value>
    <label>Nepali</label>
  </option>
  <option>
    <value>new</value>
    <label>Nepal Bhasa</label>
  </option>
  <option>
    <value>nia</value>
    <label>Nias</label>
  </option>
  <option>
    <value>nic</value>
    <label>Niger-Kordofanian (Other)</label>
  </option>
  <option>
    <value>niu</value>
    <label>Niuean</label>
  </option>
  <option>
    <value>nno</value>
    <label>Norwegian Nynorsk</label>
  </option>
  <option>
    <value>nob</value>
    <label>Bokmål, Norwegian</label>
  </option>
  <option>
    <value>nog</value>
    <label>Nogai</label>
  </option>
  <option>
    <value>non</value>
    <label>Norse, Old</label>
  </option>
  <option>
    <value>nor</value>
    <label>Norwegian</label>
  </option>
  <option>
    <value>nqo</value>
    <label>N'Ko</label>
  </option>
  <option>
    <value>nso</value>
    <label>Pedi</label>
  </option>
  <option>
    <value>nub</value>
    <label>Nubian languages</label>
  </option>
  <option>
    <value>nwc</value>
    <label>Classical Newari</label>
  </option>
  <option>
    <value>nya</value>
    <label>Chichewa</label>
  </option>
  <option>
    <value>nym</value>
    <label>Nyamwezi</label>
  </option>
  <option>
    <value>nyn</value>
    <label>Nyankole</label>
  </option>
  <option>
    <value>nyo</value>
    <label>Nyoro</label>
  </option>
  <option>
    <value>nzi</value>
    <label>Nzima</label>
  </option>
  <option>
    <value>oci</value>
    <label>Occitan (post 1500)</label>
  </option>
  <option>
    <value>oji</value>
    <label>Ojibwa</label>
  </option>
  <option>
    <value>ori</value>
    <label>Oriya</label>
  </option>
  <option>
    <value>orm</value>
    <label>Oromo</label>
  </option>
  <option>
    <value>osa</value>
    <label>Osage</label>
  </option>
  <option>
    <value>oss</value>
    <label>Ossetian</label>
  </option>
  <option>
    <value>ota</value>
    <label>Turkish, Ottoman (1500-1928)</label>
  </option>
  <option>
    <value>oto</value>
    <label>Otomian languages</label>
  </option>
  <option>
    <value>paa</value>
    <label>Papuan (Other)</label>
  </option>
  <option>
    <value>pag</value>
    <label>Pangasinan</label>
  </option>
  <option>
    <value>pal</value>
    <label>Pahlavi</label>
  </option>
  <option>
    <value>pam</value>
    <label>Pampanga</label>
  </option>
  <option>
    <value>pan</value>
    <label>Panjabi</label>
  </option>
  <option>
    <value>pap</value>
    <label>Papiamento</label>
  </option>
  <option>
    <value>pau</value>
    <label>Palauan</label>
  </option>
  <option>
    <value>peo</value>
    <label>Persian, Old (ca.600-400 B.C.)</label>
  </option>
  <option>
    <value>per</value>
    <label>Persian</label>
  </option>
  <option>
    <value>phi</value>
    <label>Philippine (Other)</label>
  </option>
  <option>
    <value>phn</value>
    <label>Phoenician</label>
  </option>
  <option>
    <value>pli</value>
    <label>Pali</label>
  </option>
  <option>
    <value>pol</value>
    <label>Polish</label>
  </option>
  <option>
    <value>pon</value>
    <label>Pohnpeian</label>
  </option>
  <option>
    <value>por</value>
    <label>Portuguese</label>
  </option>
  <option>
    <value>pra</value>
    <label>Prakrit languages</label>
  </option>
  <option>
    <value>pro</value>
    <label>Provençal, Old (to 1500)</label>
  </option>
  <option>
    <value>pus</value>
    <label>Pushto</label>
  </option>
  <option>
    <value>qaa-qtz</value>
    <label>Reserved for local use</label>
  </option>
  <option>
    <value>que</value>
    <label>Quechua</label>
  </option>
  <option>
    <value>raj</value>
    <label>Rajasthani</label>
  </option>
  <option>
    <value>rap</value>
    <label>Rapanui</label>
  </option>
  <option>
    <value>rar</value>
    <label>Rarotongan</label>
  </option>
  <option>
    <value>roa</value>
    <label>Romance (Other)</label>
  </option>
  <option>
    <value>roh</value>
    <label>Romansh</label>
  </option>
  <option>
    <value>rom</value>
    <label>Romany</label>
  </option>
  <option>
    <value>rum</value>
    <label>Romanian</label>
  </option>
  <option>
    <value>run</value>
    <label>Rundi</label>
  </option>
  <option>
    <value>rup</value>
    <label>Aromanian</label>
  </option>
  <option>
    <value>rus</value>
    <label>Russian</label>
  </option>
  <option>
    <value>sad</value>
    <label>Sandawe</label>
  </option>
  <option>
    <value>sag</value>
    <label>Sango</label>
  </option>
  <option>
    <value>sah</value>
    <label>Yakut</label>
  </option>
  <option>
    <value>sai</value>
    <label>South American Indian (Other)</label>
  </option>
  <option>
    <value>sal</value>
    <label>Salishan languages</label>
  </option>
  <option>
    <value>sam</value>
    <label>Samaritan Aramaic</label>
  </option>
  <option>
    <value>san</value>
    <label>Sanskrit</label>
  </option>
  <option>
    <value>sas</value>
    <label>Sasak</label>
  </option>
  <option>
    <value>sat</value>
    <label>Santali</label>
  </option>
  <option>
    <value>scn</value>
    <label>Sicilian</label>
  </option>
  <option>
    <value>sco</value>
    <label>Scots</label>
  </option>
  <option>
    <value>sel</value>
    <label>Selkup</label>
  </option>
  <option>
    <value>sem</value>
    <label>Semitic (Other)</label>
  </option>
  <option>
    <value>sga</value>
    <label>Irish, Old (to 900)</label>
  </option>
  <option>
    <value>sgn</value>
    <label>Sign Languages</label>
  </option>
  <option>
    <value>shn</value>
    <label>Shan</label>
  </option>
  <option>
    <value>sid</value>
    <label>Sidamo</label>
  </option>
  <option>
    <value>sin</value>
    <label>Sinhala</label>
  </option>
  <option>
    <value>sio</value>
    <label>Siouan languages</label>
  </option>
  <option>
    <value>sit</value>
    <label>Sino-Tibetan (Other)</label>
  </option>
  <option>
    <value>sla</value>
    <label>Slavic (Other)</label>
  </option>
  <option>
    <value>slo</value>
    <label>Slovak</label>
  </option>
  <option>
    <value>slv</value>
    <label>Slovenian</label>
  </option>
  <option>
    <value>sma</value>
    <label>Southern Sami</label>
  </option>
  <option>
    <value>sme</value>
    <label>Northern Sami</label>
  </option>
  <option>
    <value>smi</value>
    <label>Sami languages (Other)</label>
  </option>
  <option>
    <value>smj</value>
    <label>Lule Sami</label>
  </option>
  <option>
    <value>smn</value>
    <label>Inari Sami</label>
  </option>
  <option>
    <value>smo</value>
    <label>Samoan</label>
  </option>
  <option>
    <value>sms</value>
    <label>Skolt Sami</label>
  </option>
  <option>
    <value>sna</value>
    <label>Shona</label>
  </option>
  <option>
    <value>snd</value>
    <label>Sindhi</label>
  </option>
  <option>
    <value>snk</value>
    <label>Soninke</label>
  </option>
  <option>
    <value>sog</value>
    <label>Sogdian</label>
  </option>
  <option>
    <value>som</value>
    <label>Somali</label>
  </option>
  <option>
    <value>son</value>
    <label>Songhai languages</label>
  </option>
  <option>
    <value>sot</value>
    <label>Sotho, Southern</label>
  </option>
  <option>
    <value>spa</value>
    <label>Spanish</label>
  </option>
  <option>
    <value>srd</value>
    <label>Sardinian</label>
  </option>
  <option>
    <value>srn</value>
    <label>Sranan Tongo</label>
  </option>
  <option>
    <value>srp</value>
    <label>Serbian</label>
  </option>
  <option>
    <value>srr</value>
    <label>Serer</label>
  </option>
  <option>
    <value>ssa</value>
    <label>Nilo-Saharan (Other)</label>
  </option>
  <option>
    <value>ssw</value>
    <label>Swati</label>
  </option>
  <option>
    <value>suk</value>
    <label>Sukuma</label>
  </option>
  <option>
    <value>sun</value>
    <label>Sundanese</label>
  </option>
  <option>
    <value>sus</value>
    <label>Susu</label>
  </option>
  <option>
    <value>sux</value>
    <label>Sumerian</label>
  </option>
  <option>
    <value>swa</value>
    <label>Swahili</label>
  </option>
  <option>
    <value>swe</value>
    <label>Swedish</label>
  </option>
  <option>
    <value>syc</value>
    <label>Classical Syriac</label>
  </option>
  <option>
    <value>syr</value>
    <label>Syriac</label>
  </option>
  <option>
    <value>tah</value>
    <label>Tahitian</label>
  </option>
  <option>
    <value>tai</value>
    <label>Tai (Other)</label>
  </option>
  <option>
    <value>tam</value>
    <label>Tamil</label>
  </option>
  <option>
    <value>tat</value>
    <label>Tatar</label>
  </option>
  <option>
    <value>tel</value>
    <label>Telugu</label>
  </option>
  <option>
    <value>tem</value>
    <label>Timne</label>
  </option>
  <option>
    <value>ter</value>
    <label>Tereno</label>
  </option>
  <option>
    <value>tet</value>
    <label>Tetum</label>
  </option>
  <option>
    <value>tgk</value>
    <label>Tajik</label>
  </option>
  <option>
    <value>tgl</value>
    <label>Tagalog</label>
  </option>
  <option>
    <value>tha</value>
    <label>Thai</label>
  </option>
  <option>
    <value>tib</value>
    <label>Tibetan</label>
  </option>
  <option>
    <value>tig</value>
    <label>Tigre</label>
  </option>
  <option>
    <value>tir</value>
    <label>Tigrinya</label>
  </option>
  <option>
    <value>tiv</value>
    <label>Tiv</label>
  </option>
  <option>
    <value>tkl</value>
    <label>Tokelau</label>
  </option>
  <option>
    <value>tlh</value>
    <label>Klingon</label>
  </option>
  <option>
    <value>tli</value>
    <label>Tlingit</label>
  </option>
  <option>
    <value>tmh</value>
    <label>Tamashek</label>
  </option>
  <option>
    <value>tog</value>
    <label>Tonga (Nyasa)</label>
  </option>
  <option>
    <value>ton</value>
    <label>Tonga (Tonga Islands)</label>
  </option>
  <option>
    <value>tpi</value>
    <label>Tok Pisin</label>
  </option>
  <option>
    <value>tsi</value>
    <label>Tsimshian</label>
  </option>
  <option>
    <value>tsn</value>
    <label>Tswana</label>
  </option>
  <option>
    <value>tso</value>
    <label>Tsonga</label>
  </option>
  <option>
    <value>tuk</value>
    <label>Turkmen</label>
  </option>
  <option>
    <value>tum</value>
    <label>Tumbuka</label>
  </option>
  <option>
    <value>tup</value>
    <label>Tupi languages</label>
  </option>
  <option>
    <value>tur</value>
    <label>Turkish</label>
  </option>
  <option>
    <value>tut</value>
    <label>Altaic (Other)</label>
  </option>
  <option>
    <value>tvl</value>
    <label>Tuvalu</label>
  </option>
  <option>
    <value>twi</value>
    <label>Twi</label>
  </option>
  <option>
    <value>tyv</value>
    <label>Tuvinian</label>
  </option>
  <option>
    <value>udm</value>
    <label>Udmurt</label>
  </option>
  <option>
    <value>uga</value>
    <label>Ugaritic</label>
  </option>
  <option>
    <value>uig</value>
    <label>Uighur</label>
  </option>
  <option>
    <value>ukr</value>
    <label>Ukrainian</label>
  </option>
  <option>
    <value>umb</value>
    <label>Umbundu</label>
  </option>
  <option>
    <value>und</value>
    <label>Undetermined</label>
  </option>
  <option>
    <value>urd</value>
    <label>Urdu</label>
  </option>
  <option>
    <value>uzb</value>
    <label>Uzbek</label>
  </option>
  <option>
    <value>vai</value>
    <label>Vai</label>
  </option>
  <option>
    <value>ven</value>
    <label>Venda</label>
  </option>
  <option>
    <value>vie</value>
    <label>Vietnamese</label>
  </option>
  <option>
    <value>vol</value>
    <label>Volapük</label>
  </option>
  <option>
    <value>vot</value>
    <label>Votic</label>
  </option>
  <option>
    <value>wak</value>
    <label>Wakashan languages</label>
  </option>
  <option>
    <value>wal</value>
    <label>Walamo</label>
  </option>
  <option>
    <value>war</value>
    <label>Waray</label>
  </option>
  <option>
    <value>was</value>
    <label>Washo</label>
  </option>
  <option>
    <value>wel</value>
    <label>Welsh</label>
  </option>
  <option>
    <value>wen</value>
    <label>Sorbian languages</label>
  </option>
  <option>
    <value>wln</value>
    <label>Walloon</label>
  </option>
  <option>
    <value>wol</value>
    <label>Wolof</label>
  </option>
  <option>
    <value>xal</value>
    <label>Kalmyk</label>
  </option>
  <option>
    <value>xho</value>
    <label>Xhosa</label>
  </option>
  <option>
    <value>yao</value>
    <label>Yao</label>
  </option>
  <option>
    <value>yap</value>
    <label>Yapese</label>
  </option>
  <option>
    <value>yid</value>
    <label>Yiddish</label>
  </option>
  <option>
    <value>yor</value>
    <label>Yoruba</label>
  </option>
  <option>
    <value>ypk</value>
    <label>Yupik languages</label>
  </option>
  <option>
    <value>zap</value>
    <label>Zapotec</label>
  </option>
  <option>
    <value>zbl</value>
    <label>Blissymbols</label>
  </option>
  <option>
    <value>zen</value>
    <label>Zenaga</label>
  </option>
  <option>
    <value>zha</value>
    <label>Zhuang</label>
  </option>
  <option>
    <value>znd</value>
    <label>Zande languages</label>
  </option>
  <option>
    <value>zul</value>
    <label>Zulu</label>
  </option>
  <option>
    <value>zun</value>
    <label>Zuni</label>
  </option>
  <option>
    <value>zxx</value>
    <label>No linguistic content</label>
  </option>
  <option>
    <value>zza</value>
    <label>Zaza</label>
  </option>
</option-set>

