<archetype-descriptor
        xmlns="http://maven.apache.org/plugins/maven-archetype-plugin/archetype-descriptor/1.0.0"
        xmlns:xsi="http://www.w3.org/2001/XMLSchema-instance"
        xsi:schemaLocation="http://maven.apache.org/plugins/maven-archetype-plugin/archetype-descriptor/1.0.0 http://maven.apache.org/xsd/archetype-descriptor-1.0.0.xsd">

    <requiredProperties>
        <requiredProperty key="name" />
        <requiredProperty key="description">
            <defaultValue>null</defaultValue>
        </requiredProperty>
        <requiredProperty key="shaded">
            <defaultValue>true</defaultValue>
        </requiredProperty>
    </requiredProperties>

    <fileSets>
        <!-- service files -->
        <fileSet filtered="true" packaged="true">
            <directory>src/main/java</directory>
            <includes>
                <include>**/*</include>
            </includes>
        </fileSet>

        <!-- api (empty) -->
        <fileSet filtered="true" packaged="false">
            <directory>src/main/java/__packageInPathFormat__/api</directory>
        </fileSet>

        <!-- cli (empty) -->
        <fileSet filtered="true" packaged="false">
            <directory>src/main/java/__packageInPathFormat__/cli</directory>
        </fileSet>

        <!-- client (empty) -->
        <fileSet filtered="true" packaged="false">
            <directory>src/main/java/__packageInPathFormat__/client</directory>
        </fileSet>

        <!-- core (empty) -->
        <fileSet filtered="true" packaged="false">
            <directory>src/main/java/__packageInPathFormat__/core</directory>
        </fileSet>

        <!-- db (empty) -->
        <fileSet filtered="true" packaged="false">
            <directory>src/main/java/__packageInPathFormat__/db</directory>
        </fileSet>

        <!-- health (empty) -->
        <fileSet filtered="true" packaged="false">
            <directory>src/main/java/__packageInPathFormat__/health</directory>
        </fileSet>

        <!-- resources (empty) -->
        <fileSet filtered="true" packaged="false">
            <directory>src/main/java/__packageInPathFormat__/resources</directory>
        </fileSet>

        <!--- assets -->
        <fileSet filtered="true" packaged="false">
            <directory>src/main/resources/assets</directory>
        </fileSet>

        <!-- banner! -->
        <fileSet filtered="true" packaged="false">
            <directory>src/main/resources</directory>
            <includes>
                <include>banner.txt</include>
            </includes>
        </fileSet>

        <!-- representation (api) tests -->
        <fileSet filtered="true" packaged="false">
            <directory>src/test/java/__packageInPathFormat__/api</directory>
        </fileSet>

        <!-- client tests -->
        <fileSet filtered="true" packaged="false">
            <directory>src/test/java/__packageInPathFormat__/client</directory>
        </fileSet>

        <!-- core tests -->
        <fileSet filtered="true" packaged="false">
            <directory>src/test/java/__packageInPathFormat__/core</directory>
        </fileSet>

        <!-- dao tests -->
        <fileSet filtered="true" packaged="false">
            <directory>src/test/java/__packageInPathFormat__/db</directory>
        </fileSet>

        <!-- resource tests -->
        <fileSet filtered="true" packaged="false">
            <directory>src/test/java/__packageInPathFormat__/resources</directory>
        </fileSet>

        <!-- test fixtures -->
        <fileSet filtered="true" packaged="false">
            <directory>src/test/resources/fixtures</directory>
        </fileSet>

        <!-- config -->
        <fileSet filtered="true" packaged="false">
            <directory></directory>
            <includes>
                <include>config.yml</include>
            </includes>
        </fileSet>

        <!-- readme -->
        <fileSet filtered="true" packaged="false">
            <directory></directory>
            <includes>
                <include>README.md</include>
            </includes>
        </fileSet>
    </fileSets>

</archetype-descriptor>
