<?xml version="1.0" encoding="UTF-8"?>
<beans xmlns="http://www.springframework.org/schema/beans"
    xmlns:xsi="http://www.w3.org/2001/XMLSchema-instance" xmlns:c="http://www.springframework.org/schema/c"
    xmlns:p="http://www.springframework.org/schema/p" xmlns:context="http://www.springframework.org/schema/context"
    xmlns:util="http://www.springframework.org/schema/util"
    xsi:schemaLocation="http://www.springframework.org/schema/beans
        http://www.springframework.org/schema/beans/spring-beans-4.3.xsd
        http://www.springframework.org/schema/util 
        http://www.springframework.org/schema/util/spring-util.xsd
        http://www.springframework.org/schema/context
        http://www.springframework.org/schema/context/spring-context-4.3.xsd">

    <context:annotation-config />

    <bean name="propertiesURI" class="java.lang.System"
        factory-method="getProperty">
        <constructor-arg index="0" value="deposit.properties.uri" />
    </bean>
    
    <bean id="serverProperties"
        class="org.springframework.beans.factory.config.PropertyPlaceholderConfigurer">
        <property name="locations">
            <list>
                <ref bean="propertiesURI" />
            </list>
        </property>
        <property name="ignoreResourceNotFound" value="false" />
    </bean>
    
    <bean id="injectedCdrVersion" class="org.springframework.beans.factory.config.MethodInvokingFactoryBean">
        <property name="staticMethod" value="edu.unc.lib.dl.util.SoftwareAgentConstants.setCdrVersion" />
        <property name="arguments">
            <list>
                <value>4.0</value>
            </list>
        </property>
    </bean>

    <bean id="depositsDirectory" class="java.io.File">
        <constructor-arg value="${deposits.dir}" />
    </bean>

    <bean id="jedisPool" class="redis.clients.jedis.JedisPool"
        destroy-method="destroy">
        <constructor-arg ref="poolConfig"/>
        <constructor-arg type="String" value="${redis.host:localhost}" />
        <constructor-arg type="int" value="${redis.port:6379}" />
    </bean>
    
    <bean id="poolConfig" class="redis.clients.jedis.JedisPoolConfig">
        <property name="maxIdle" value="15"/>
        <property name="minIdle" value="2"/>
        <property name="maxTotal" value="25"/>
    </bean>

    <bean id="jesqueConfig" class="net.greghaines.jesque.Config">
        <constructor-arg value="${redis.host:localhost}" />
        <constructor-arg value="${redis.port:6379}" />
        <constructor-arg value="2000" />
        <constructor-arg>
            <null />
        </constructor-arg>
        <constructor-arg value="resque" />
        <constructor-arg value="0" />
    </bean>

    <bean id="jesqueClient" class="net.greghaines.jesque.client.ClientPoolImpl"
        scope="prototype">
        <constructor-arg ref="jesqueConfig" />
        <constructor-arg ref="jedisPool" />
    </bean>
    
    <bean id="queueDAO" class="net.greghaines.jesque.meta.dao.impl.QueueInfoDAORedisImpl">
        <constructor-arg ref="jesqueConfig" />
        <constructor-arg ref="jedisPool" />
    </bean>
    
    <bean id="dataSet" class="org.apache.jena.tdb.TDBFactory" factory-method="createDataset" destroy-method="close">
        <constructor-arg value="${deposits.dir}/jena-tdb-dataset"/>
    </bean>

    <bean id="depositWorkerPool" class="net.greghaines.jesque.worker.WorkerPool">
        <constructor-arg name="workerFactory">
            <bean class="net.greghaines.jesque.worker.WorkerImplFactory">
                <constructor-arg name="config" ref="jesqueConfig" />
                <constructor-arg name="queues">
                    <util:list>
                        <value>PREPARE</value>
                        <value>DELAYED_PREPARE</value>
                    </util:list>
                </constructor-arg>
                <constructor-arg ref="jobFactory" />
            </bean>
        </constructor-arg>
        <constructor-arg name="numWorkers" value="${workers.num:2}" />
    </bean>
    
    <bean id="highPriorityDepositWorkerPool" class="net.greghaines.jesque.worker.WorkerPool">
        <constructor-arg name="workerFactory">
            <bean class="net.greghaines.jesque.worker.WorkerImplFactory">
                <constructor-arg name="config" ref="jesqueConfig" />
                <constructor-arg name="queues">
                    <util:list>
                        <value>PREPARE_HIGH_PRIORITY</value>
                    </util:list>
                </constructor-arg>
                <constructor-arg ref="jobFactory" />
            </bean>
        </constructor-arg>
        <constructor-arg name="numWorkers" value="${workers.high.num:4}" />
    </bean>
    
    <bean id="cdrMetsDepositWorkerPool" class="net.greghaines.jesque.worker.WorkerPool">
        <constructor-arg name="workerFactory">
            <bean class="net.greghaines.jesque.worker.WorkerImplFactory">
                <constructor-arg name="config" ref="jesqueConfig" />
                <constructor-arg name="queues">
                    <util:list>
                        <value>CDRMETSCONVERT</value>
                    </util:list>
                </constructor-arg>
                <constructor-arg ref="jobFactory" />
            </bean>
        </constructor-arg>
        <constructor-arg name="numWorkers" value="${workers.mets.num:1}" />
    </bean>
    
    <util:list id="depositWorkerPools" value-type="net.greghaines.jesque.worker.WorkerPool">
        <ref bean="depositWorkerPool"/>
        <ref bean="highPriorityDepositWorkerPool"/>
        <ref bean="cdrMetsDepositWorkerPool"/>
    </util:list>

    <bean id="depositSupervisor" class="edu.unc.lib.deposit.work.DepositSupervisor">
        <property name="jesqueConfig" ref="jesqueConfig"/>
        <property name="cleanupDelaySeconds" value="${cleanup.delay.seconds:60}"/>
        <property name="unavailableDelaySeconds" value="${unavailable.delay.seconds:60}"/>
    </bean>
    
    <bean id="depositServiceInitiator" class="edu.unc.lib.deposit.SpringDepositServiceInitiator">
        <property name="depositSupervisor" ref="depositSupervisor" />
    </bean>

    <bean id="jobFactory" class="edu.unc.lib.dl.util.SpringJobFactory" />

    <bean id="jobStatusFactory" class="edu.unc.lib.dl.util.JobStatusFactory" >
        <property name="jedisPool" ref="jedisPool" />
    </bean>
    
    <bean id="activityMetricsClient" class="edu.unc.lib.dl.reporting.ActivityMetricsClient" >
        <property name="jedisPool" ref="jedisPool" />
    </bean>

    <bean id="depositStatusFactory" class="edu.unc.lib.dl.util.DepositStatusFactory">
        <property name="jedisPool" ref="jedisPool" />
    </bean>

    <bean id="stagesConfigURI" class="java.net.URL">
        <constructor-arg value="${fedora.stagesConfiguration}" />
    </bean>
    
    <bean id="stagesConfigFile" class="org.apache.commons.io.FileUtils" factory-method="toFile">
        <constructor-arg ref="stagesConfigURI" />
    </bean>
    
    <bean id="stagingPolicyManager" class="edu.unc.lib.deposit.staging.StagingPolicyManager"
            init-method="init">
        <property name="configPath" value="#{stagesConfigFile.getAbsolutePath()}" />
        <property name="basePath" value="${deposits.dir}" />
    </bean>
    
    <bean id="multiThreadedHttpConnectionManager" class="org.apache.http.impl.conn.PoolingHttpClientConnectionManager"
            destroy-method="shutdown">
    </bean>
    
    <bean id="pooledHttpClientBuilder" class="org.apache.http.impl.client.HttpClients" factory-method="custom">
        <property name="connectionManager" ref="multiThreadedHttpConnectionManager" />
    </bean>
    
    <bean id="pooledHttpClient" class="org.apache.http.impl.client.CloseableHttpClient"
            factory-bean="pooledHttpClientBuilder" factory-method="build">
    </bean>
    
    <bean id="sparqlQueryService" class="edu.unc.lib.dl.sparql.FusekiSparqlQueryServiceImpl">
        <property name="fusekiQueryURL" value="${fuseki.baseUri}" />
    </bean>
    
    <!-- Initialize access control dependencies -->
    <bean id="contentPathFactory" class="edu.unc.lib.dl.fedora.ContentPathFactory"
            init-method="init">
        <property name="cacheMaxSize" value="${cache.contentPath.maxSize}" />
        <property name="cacheTimeToLive" value="${cache.contentPath.timeToLive}" />
        <property name="queryService" ref="sparqlQueryService" />
    </bean>
    
    <bean id="objectAclFactory" class="edu.unc.lib.dl.acl.fcrepo4.ObjectAclFactory"
            init-method="init">
        <property name="cacheMaxSize" value="${cache.objectAcls.maxSize}" />
        <property name="cacheTimeToLive" value="${cache.objectAcls.timeToLive}" />
        <property name="queryService" ref="sparqlQueryService" />
    </bean>
    
    <bean id="objectPermissionEvaluator" class="edu.unc.lib.dl.acl.fcrepo4.ObjectPermissionEvaluator">
        <property name="aclFactory" ref="objectAclFactory" />
    </bean>
    
    <bean id="inheritedPermissionEvaluator" class="edu.unc.lib.dl.acl.fcrepo4.InheritedPermissionEvaluator">
        <property name="objectPermissionEvaluator" ref="objectPermissionEvaluator" />
        <property name="pathFactory" ref="contentPathFactory" />
    </bean>

    <bean name="aclPropertiesURI" class="java.lang.System"
            factory-method="getProperty">
        <constructor-arg index="0" value="acl.properties.uri" />
    </bean>

    <bean id="aclProperties"
        class="org.springframework.beans.factory.config.PropertiesFactoryBean">
        <property name="locations">
            <list>
                <ref bean="aclPropertiesURI" />
            </list>
        </property>
        <property name="ignoreResourceNotFound" value="false" />
    </bean>
    
    <bean id="globalPermissionEvaluator" class="edu.unc.lib.dl.acl.fcrepo4.GlobalPermissionEvaluator">
        <constructor-arg ref="aclProperties" />
    </bean>
    
    <bean id="aclService" class="edu.unc.lib.dl.acl.fcrepo4.AccessControlServiceImpl">
        <property name="globalPermissionEvaluator" ref="globalPermissionEvaluator" />
        <property name="permissionEvaluator" ref="inheritedPermissionEvaluator" />
    </bean>
</beans>