<?xml version="1.0" encoding="UTF-8"?>
<!-- Copyright 2008 The University of North Carolina at Chapel Hill Licensed 
    under the Apache License, Version 2.0 (the "License"); you may not use this 
    file except in compliance with the License. You may obtain a copy of the 
    License at http://www.apache.org/licenses/LICENSE-2.0 Unless required by 
    applicable law or agreed to in writing, software distributed under the License 
    is distributed on an "AS IS" BASIS, WITHOUT WARRANTIES OR CONDITIONS OF ANY 
    KIND, either express or implied. See the License for the specific language 
    governing permissions and limitations under the License. -->
<beans xmlns:xsi="http://www.w3.org/2001/XMLSchema-instance"
    xsi:schemaLocation="
    http://www.springframework.org/schema/beans
    http://www.springframework.org/schema/beans/spring-beans.xsd
    http://www.springframework.org/schema/util 
    http://www.springframework.org/schema/util/spring-util.xsd
    http://www.springframework.org/schema/context 
    http://www.springframework.org/schema/context/spring-context-3.0.xsd"
    xmlns="http://www.springframework.org/schema/beans"
    xmlns:p="http://www.springframework.org/schema/p"
    xmlns:util="http://www.springframework.org/schema/util"
    xmlns:context="http://www.springframework.org/schema/context">
    
    <context:annotation-config />
    
    <bean name="propertiesURI" class="java.lang.System"
        factory-method="getProperty">
        <constructor-arg index="0" value="server.properties.uri" />
        <!-- property name for properties URI location -->
        <constructor-arg index="1" value="classpath:server.properties" />
        <!-- default location for testing -->
    </bean>
    <bean id="serverProperties"
        class="org.springframework.beans.factory.config.PropertyPlaceholderConfigurer">
        <property name="locations">
            <list>
                <ref bean="propertiesURI" />
            </list>
        </property>
        <property name="ignoreResourceNotFound" value="false" />
    </bean>
    
    <bean id="multipartResolver"
        class="org.springframework.web.multipart.commons.CommonsMultipartResolver">
        <property name="maxUploadSize" value="2000000000"/>
    </bean>
    
    <bean id="servicesUrl" class="java.lang.String">
        <constructor-arg value="${services.base.url}rest/" />
    </bean>
    
    <bean id="accessBaseUrl" class="java.lang.String">
        <constructor-arg value="${access.base.url}" />
    </bean>
    
    <bean id="adminBaseUrl" class="java.lang.String">
        <constructor-arg value="${admin.base.url}" />
    </bean>
    
    <bean id="formsBaseUrl" class="java.lang.String">
        <constructor-arg value="${forms.base.url}" />
    </bean>
    
    <bean id="swordUrl" class="java.lang.String">
        <constructor-arg
            value="${admin.services.url}${services.context}/sword/" />
    </bean>
    
    <bean id="swordUsername" class="java.lang.String">
        <constructor-arg
            value="${sword.username}" />
    </bean>
    
    <bean id="swordPassword" class="java.lang.String">
        <constructor-arg
            value="${sword.password}" />
    </bean>

    <bean class="edu.unc.lib.dl.ui.view.CDRViewResolver" p:suffix=".jsp">
        <property name="exposedContextBeanNames">
            <list>
                <value>searchSettings</value>
                <value>externalContentSettings</value>
                <value>fedoraUtil</value>
                <value>accessGroupConstants</value>
                <value>accessBaseUrl</value>
                <value>adminBaseUrl</value>
                <value>formsBaseUrl</value>
            </list>
        </property>
        <property name="viewClass"
            value="org.springframework.web.servlet.view.JstlView" />
        <property name="baseView" value="/WEB-INF/jsp/index" />
        <property name="subViewPrefix" value="" />
    </bean>
    
    <bean name="storeAccessLevelFilter" class="edu.unc.lib.dl.ui.access.StoreAccessLevelFilter">
        <property name="queryLayer" ref="queryLayer" />
        <property name="requireViewAdmin" value="true" />
        <property name="nonAdminRedirectUrl" value="/noAccess" />
    </bean>
    
    <bean name="requireLoginFilter" class="edu.unc.lib.dl.acl.filter.RequireLoginFilter">
        <property name="notLoggedInUrl" value="/login"/>
        <property name="forwardRequest" value="true"/>
    </bean>
    
    <bean name="spoofShibbolethFilter" class="edu.unc.lib.dl.acl.filter.SpoofShibbolethFilter">
        <property name="spoofEnabled" value="${spoofing.enabled:false}" />
    </bean>
    
    
    <bean id="jedisPool" class="redis.clients.jedis.JedisPool" scope="singleton"
        destroy-method="destroy">
        <constructor-arg type="String" value="${redis.host:localhost}"/>
        <constructor-arg type="int" value="${redis.port:6379}"/>
    </bean>
    
    <bean id="dataPath" class="java.lang.String">
        <constructor-arg
            value="${data.dir}" />
    </bean>
    
    <bean id="jesqueConfig" class="net.greghaines.jesque.Config">
        <constructor-arg value="${redis.host:localhost}" />
        <constructor-arg value="${redis.port:6379}" />
        <constructor-arg value="2000" />
        <constructor-arg><null /></constructor-arg>
        <constructor-arg value="resque" />
        <constructor-arg value="0" />
    </bean>
    
    <bean id="jesqueClient" class="net.greghaines.jesque.client.ClientPoolImpl"
        scope="prototype">
        <constructor-arg ref="jesqueConfig" />
        <constructor-arg ref="jedisPool" />
    </bean>
    
    <bean id="runEnhancementQueueName" class="java.lang.String">
        <constructor-arg value="#{T(edu.unc.lib.dl.util.RedisWorkerConstants).RUN_ENHANCEMENT_TREE_QUEUE}" />
    </bean>
    

    <bean id="depositStatusFactory" class="edu.unc.lib.dl.util.DepositStatusFactory">
        <property name="jedisPool" ref="jedisPool" />
    </bean>
    
    <bean id="depositsDirectory" class="java.io.File">
        <constructor-arg value="${batch.ingest.dir}" />
    </bean>
    
    <bean id="depositBinCollector" class="edu.unc.lib.dl.admin.collect.DepositBinCollector"
            init-method="init">
        <property name="configPath" value="${repo.dir}/collector.json" />
    </bean>
    
    <util:map id="vocabHelperClassMap">
        <entry key="Affiliation" value="edu.unc.lib.dl.xml.DepartmentOntologyUtil"/>
        <entry key="JSONVocabulary" value="edu.unc.lib.dl.util.JSONVocabularyHelper"/>
    </util:map>
    
    <bean id="vocabManager" class="edu.unc.lib.dl.util.VocabularyHelperManager">
        <property name="helperClasses" ref="vocabHelperClassMap" />
    </bean>
    
    <bean id="mailSender" class="org.springframework.mail.javamail.JavaMailSenderImpl">
        <property name="host" value="${smtp.host:localhost}" />
        <property name="port" value="${smtp.port:25}" />
        <property name="defaultEncoding" value="UTF-8" />
    </bean>
    
</beans>