<?xml version="1.0" encoding="UTF-8"?>
<!--

    Copyright 2008 The University of North Carolina at Chapel Hill

    Licensed under the Apache License, Version 2.0 (the "License");
    you may not use this file except in compliance with the License.
    You may obtain a copy of the License at

            http://www.apache.org/licenses/LICENSE-2.0

    Unless required by applicable law or agreed to in writing, software
    distributed under the License is distributed on an "AS IS" BASIS,
    WITHOUT WARRANTIES OR CONDITIONS OF ANY KIND, either express or implied.
    See the License for the specific language governing permissions and
    limitations under the License.

-->
<beans xmlns="http://www.springframework.org/schema/beans"
    xmlns:xsi="http://www.w3.org/2001/XMLSchema-instance" xmlns:util="http://www.springframework.org/schema/util"
    xmlns:context="http://www.springframework.org/schema/context" xmlns:p="http://www.springframework.org/schema/p"
    xsi:schemaLocation="
            http://www.springframework.org/schema/beans http://www.springframework.org/schema/beans/spring-beans.xsd
            http://www.springframework.org/schema/util 
            http://www.springframework.org/schema/util/spring-util-3.0.xsd
            http://www.springframework.org/schema/context 
            http://www.springframework.org/schema/context/spring-context-3.0.xsd">
            
    <bean name="propertiesURI" class="java.lang.System"
        factory-method="getProperty">
        <constructor-arg index="0" value="server.properties.uri" />
        <!-- property name for properties URI location -->
        <constructor-arg index="1" value="classpath:server.properties" />
        <!-- default location for testing -->
    </bean>
    <bean id="serverProperties"
        class="org.springframework.beans.factory.config.PropertyPlaceholderConfigurer">
        <property name="locations">
            <list>
                <ref bean="propertiesURI" />
            </list>
        </property>
        <property name="ignoreResourceNotFound" value="false" />
    </bean>
    
    <util:properties id="searchProperties" location="classpath:search.properties" />
    <util:properties id="solrProperties" location="classpath:solr.properties">
        <prop key="solr.path">${solr.protocol}://${solr.host}${solr.port}/${solr.context}
        </prop>
    </util:properties>
            
    <bean id="searchSettings" class="edu.unc.lib.dl.search.solr.util.SearchSettings">
        <property name="properties" ref="searchProperties" />
    </bean>

    <bean id="solrSettings" class="edu.unc.lib.dl.search.solr.util.SolrSettings">
        <property name="properties" ref="solrProperties" />
    </bean>
    
    <bean id="searchStateUtil" class="edu.unc.lib.dl.search.solr.util.SearchStateUtil">
        <property name="searchSettings" ref="searchSettings" />
    </bean>
    
    <bean id="facetFieldFactory" class="edu.unc.lib.dl.search.solr.model.FacetFieldFactory">
        <property name="searchSettings" ref="searchSettings" />
        <property name="solrSettings" ref="solrSettings" />
    </bean>
    
    <bean id="facetFieldUtil" class="edu.unc.lib.dl.search.solr.util.FacetFieldUtil">
        <property name="searchSettings" ref="searchSettings" />
        <property name="solrSettings" ref="solrSettings" />
    </bean>

    <bean id="searchStateFactory" class="edu.unc.lib.dl.search.solr.service.SearchStateFactory">
        <property name="searchSettings" ref="searchSettings" />
        <property name="facetFieldFactory" ref="facetFieldFactory" />
    </bean>

    <bean id="searchActionService" class="edu.unc.lib.dl.search.solr.service.SearchActionService">
        <property name="searchSettings" ref="searchSettings" />
        <property name="facetFieldFactory" ref="facetFieldFactory" />
    </bean>
    
    <bean id="solrAccessRestrictionUtil" class="edu.unc.lib.dl.search.solr.util.AccessRestrictionUtil">
        <property name="searchSettings" ref="searchSettings" />
        <property name="disablePermissionFiltering" value="false" />
        <property name="globalPermissionEvaluator" ref="globalPermissionEvaluator" />
    </bean>
    
    <bean id="childrenCountService" class="edu.unc.lib.dl.search.solr.service.ChildrenCountService"
        init-method="initializeSolrServer">
        <property name="searchSettings" ref="searchSettings" />
        <property name="solrSettings" ref="solrSettings" />
        <property name="accessRestrictionUtil" ref="solrAccessRestrictionUtil" />
    </bean>
    
    <bean id="structureQueryService" class="edu.unc.lib.dl.search.solr.service.StructureQueryService"
        init-method="initializeSolrServer">
        <property name="searchSettings" ref="searchSettings" />
        <property name="solrSettings" ref="solrSettings" />
        <property name="accessRestrictionUtil" ref="solrAccessRestrictionUtil" />
        <property name="childrenCountService" ref="childrenCountService" />
        <property name="searchStateFactory" ref="searchStateFactory" />
        <property name="searchService" ref="queryLayer" />
    </bean>
    
    <bean id="neighborQueryService" class="edu.unc.lib.dl.search.solr.service.NeighborQueryService"
        init-method="initializeSolrServer">
        <property name="searchSettings" ref="searchSettings" />
        <property name="solrSettings" ref="solrSettings" />
        <property name="accessRestrictionUtil" ref="solrAccessRestrictionUtil" />
        <property name="facetFieldUtil" ref="facetFieldUtil" />
    </bean>
    
    <bean id="queryLayer" class="edu.unc.lib.dl.ui.service.SolrQueryLayerService"
        init-method="initializeSolrServer">
        <property name="solrSettings" ref="solrSettings" />
        <property name="searchSettings" ref="searchSettings" />
        <property name="searchStateFactory" ref="searchStateFactory" />
        <property name="facetFieldUtil" ref="facetFieldUtil" />
        <property name="pathFactory" ref="pathFactory" />
        <property name="accessRestrictionUtil" ref="solrAccessRestrictionUtil" />
    </bean>
    
    <bean id="unrestrictedSolrAccessRestrictionUtil" class="edu.unc.lib.dl.search.solr.util.AccessRestrictionUtil">
        <property name="searchSettings" ref="searchSettings" />
        <property name="disablePermissionFiltering" value="true" />
    </bean>
    
    <bean id="unrestrictedSolrSearchService" class="edu.unc.lib.dl.search.solr.service.SolrSearchService"
        init-method="initializeSolrServer">
        <property name="solrSettings" ref="solrSettings" />
        <property name="searchSettings" ref="searchSettings" />
        <property name="facetFieldUtil" ref="facetFieldUtil" />
        <property name="accessRestrictionUtil" ref="unrestrictedSolrAccessRestrictionUtil" />
    </bean>
    
     <bean id="pathFactory" class="edu.unc.lib.dl.search.solr.service.ObjectPathFactory">
        <property name="search" ref="queryLayer" />
        <property name="cacheSize" value="2000" />
        <property name="timeToLiveMilli" value="60000" />
        <property name="solrSettings" ref="solrSettings" />
    </bean> 
    
    <bean name="aclPropertiesURI" class="java.lang.System"
            factory-method="getProperty">
        <constructor-arg index="0" value="acl.properties.uri" />
    </bean>

    <bean id="aclProperties"
        class="org.springframework.beans.factory.config.PropertiesFactoryBean">
        <property name="locations">
            <list>
                <ref bean="aclPropertiesURI" />
            </list>
        </property>
        <property name="ignoreResourceNotFound" value="false" />
    </bean>
    
    <bean id="globalPermissionEvaluator" class="edu.unc.lib.dl.acl.fcrepo4.GlobalPermissionEvaluator">
        <constructor-arg ref="aclProperties" />
    </bean>
    
    <bean class="org.springframework.beans.factory.config.MethodInvokingFactoryBean">
        <property name="staticMethod" value="edu.unc.lib.dl.search.solr.model.BriefObjectMetadataBean.setPathFactory"/>
        <property name="arguments">
            <list>
                <ref bean="pathFactory"/>
            </list>
        </property>
    </bean>
    
    <!-- Validators -->
    <bean id="searchStateValidator"
        class="edu.unc.lib.dl.search.solr.validator.SearchStateValidator">
    </bean>
</beans>