<?xml version="1.0" encoding="UTF-8"?>
<!-- Copyright 2008 The University of North Carolina at Chapel Hill Licensed 
    under the Apache License, Version 2.0 (the "License"); you may not use this 
    file except in compliance with the License. You may obtain a copy of the 
    License at http://www.apache.org/licenses/LICENSE-2.0 Unless required by 
    applicable law or agreed to in writing, software distributed under the License 
    is distributed on an "AS IS" BASIS, WITHOUT WARRANTIES OR CONDITIONS OF ANY 
    KIND, either express or implied. See the License for the specific language 
    governing permissions and limitations under the License. -->
<beans xmlns="http://www.springframework.org/schema/beans"
    xmlns:xsi="http://www.w3.org/2001/XMLSchema-instance" xmlns:p="http://www.springframework.org/schema/p"
    xsi:schemaLocation="
        http://www.springframework.org/schema/beans http://www.springframework.org/schema/beans/spring-beans.xsd">
    <bean name="propertiesURI" class="java.lang.System"
        factory-method="getProperty">
        <constructor-arg index="0" value="server.properties.uri" />
        <!-- property name for properties URI location -->
        <constructor-arg index="1" value="classpath:server.properties" />
        <!-- default location for testing -->
    </bean>
    <bean id="serverProperties"
        class="org.springframework.beans.factory.config.PropertyPlaceholderConfigurer">
        <property name="locations">
            <list>
                <ref bean="propertiesURI" />
                <!-- non-runtime stuff <value>classpath:solr-ingest.properties</value> -->
            </list>
        </property>
        <property name="ignoreResourceNotFound" value="false" />
    </bean>
    
    <bean id="fedoraUtil" class="edu.unc.lib.dl.ui.util.FedoraUtil">
        <property name="fedoraUrl"
            value="${fcrepo.baseUrl}" />
    </bean>
    
    <bean id="analyticsTracker" class="edu.unc.lib.dl.ui.util.AnalyticsTrackerUtil">
        <property name="gaTrackingID" ref="gaTrackingID" />
    </bean>

    <bean id="applicationPathSettings" class="edu.unc.lib.dl.ui.util.ApplicationPathSettings">
        <property name="fedoraPath"
            value="${fcrepo.baseUrl}" />
        <property name="solrPath"
            value="${solr.protocol}://${solr.host}${solr.port}/${solr.context}" />
        <property name="lorisPath" value="${loris.base.url}" />
        <property name="apiRecordPath" value="${repository.protocol}://${repository.host}/record/" />
        <property name="externalContentPath" value="${external.base.url}" />
    </bean>
    
      <bean class="org.springframework.beans.factory.config.MethodInvokingFactoryBean">
        <property name="staticMethod"
            value="edu.unc.lib.dl.ui.util.SerializationUtil.injectSettings" />
        <property name="arguments">
            <list>
                <ref bean="applicationPathSettings" />
                <ref bean="searchSettings" />
                <ref bean="solrSettings" />
            </list>
        </property>
    </bean>
    
    <bean id="lorisContentService" class="edu.unc.lib.dl.ui.service.LorisContentService">
        <property name="applicationPathSettings" ref="applicationPathSettings" />
    </bean>
    
    <bean id="sparqlQueryService" class="edu.unc.lib.dl.sparql.FusekiSparqlQueryServiceImpl">
        <property name="fusekiQueryURL" value="${fuseki.baseUri}" />
    </bean>

    <!-- Initialize access control dependencies -->
    <bean id="contentPathFactory" class="edu.unc.lib.dl.fedora.ContentPathFactory"
            init-method="init">
        <property name="cacheMaxSize" value="${cache.contentPath.maxSize}" />
        <property name="cacheTimeToLive" value="${cache.contentPath.timeToLive}" />
        <property name="queryService" ref="sparqlQueryService" />
    </bean>
    
    <bean id="objectAclFactory" class="edu.unc.lib.dl.acl.fcrepo4.ObjectAclFactory"
            init-method="init">
        <property name="cacheMaxSize" value="${cache.objectAcls.maxSize}" />
        <property name="cacheTimeToLive" value="${cache.objectAcls.timeToLive}" />
        <property name="queryService" ref="sparqlQueryService" />
    </bean>
    
    <bean id="objectPermissionEvaluator" class="edu.unc.lib.dl.acl.fcrepo4.ObjectPermissionEvaluator">
        <property name="aclFactory" ref="objectAclFactory" />
    </bean>
    
    <bean id="inheritedPermissionEvaluator" class="edu.unc.lib.dl.acl.fcrepo4.InheritedPermissionEvaluator">
        <property name="objectPermissionEvaluator" ref="objectPermissionEvaluator" />
        <property name="pathFactory" ref="contentPathFactory" />
    </bean>

    <bean name="aclPropertiesURI" class="java.lang.System"
            factory-method="getProperty">
        <constructor-arg index="0" value="acl.properties.uri" />
    </bean>

    <bean id="aclProperties"
        class="org.springframework.beans.factory.config.PropertiesFactoryBean">
        <property name="locations">
            <list>
                <ref bean="aclPropertiesURI" />
            </list>
        </property>
        <property name="ignoreResourceNotFound" value="false" />
    </bean>
    
    <bean id="globalPermissionEvaluator" class="edu.unc.lib.dl.acl.fcrepo4.GlobalPermissionEvaluator">
        <constructor-arg ref="aclProperties" />
    </bean>
    
    <bean id="aclService" class="edu.unc.lib.dl.acl.fcrepo4.AccessControlServiceImpl">
        <property name="globalPermissionEvaluator" ref="globalPermissionEvaluator" />
        <property name="permissionEvaluator" ref="inheritedPermissionEvaluator" />
    </bean>
    
    <!--  -->
    <bean id="serverAddress" class="java.lang.String">
        <constructor-arg value="${fcrepo.baseUrl}" />
    </bean>
    
    <bean id="baseAddress" class="java.lang.String">
        <constructor-arg value="${fcrepo.baseUrl}rest/" />
    </bean>
    
    <bean id="fcrepoClientFactory" class="edu.unc.lib.dl.fcrepo4.FcrepoClientFactory" factory-method="factory">
        <constructor-arg ref="baseAddress" />
    </bean>
    
    <bean id="fcrepoClient" class="org.fcrepo.client.FcrepoClient"
            factory-bean="fcrepoClientFactory" factory-method="makeClient">
    </bean>
    
    <bean id="pidMinter" class="edu.unc.lib.dl.fcrepo4.RepositoryPIDMinter">
    </bean>
    
    <bean id="repositoryObjectDriver" class="edu.unc.lib.dl.fcrepo4.RepositoryObjectDriver">
        <property name="client" ref="fcrepoClient" />
        <property name="repositoryObjectLoader" ref="repositoryObjectLoader" />
        <property name="pidMinter" ref="pidMinter" />
    </bean>
    
    <bean id="repositoryObjectCacheLoader" class="edu.unc.lib.dl.fcrepo4.RepositoryObjectCacheLoader">
        <property name="client" ref="fcrepoClient" />
        <property name="repositoryObjectDriver" ref="repositoryObjectDriver" />
    </bean>
    
    <bean id="repositoryObjectLoader" class="edu.unc.lib.dl.fcrepo4.RepositoryObjectLoader" init-method="init">
        <property name="cacheTimeToLive" value="1000" />
        <property name="cacheMaxSize" value="50" />
        <property name="repositoryObjectCacheLoader" ref="repositoryObjectCacheLoader" />
    </bean>
</beans>
